857 HK Equity,HSI Index,USDJPY Curncy
386 HK Equity,HSI Index,USDEUR Curncy
338 HK Equity,HSI Index,USDAUD Curncy
883 HK Equity,HSI Index,USDCNY Curncy
135 HK Equity,HSI Index,ADXY Index
1605 JP Equity,TPX Index,FXJPEMCS Index
,,DXY Index
,,.CNY/CNH Index
,,USO Equity
,,XW1 Comdty
,,ISIX62IU Index
,,NG1 Comdty
,,URA Equity
,,NLR Equity
,,DBB Equity
,,BICOALNP Index
,,BRSTPRDV Index
,,BRALUMC Index
,,.USSLOP Index
,,.USINFL10 Index
,,.JPSL10D2 Index
,,KWGGBE Index
,,.KRSLOP Index
,,GCNY10YR Index
,,.OILRATI Index
,,.CL12/CL2 Index
,,XLE Equity
,,HYG Equity
,,COP Equity
,,OXY Equity
,,APA Equity
,,EOG Equity
,,XOM Equity
,,CVX Equity
,,FP FP Equity
,,RDSA LN Equity
,,BP/ LN Equity
,,ENI IM Equity
,,STL NO Equity
,,GAZP RM Equity
,,BLT LN Equity
,,WPL AU Equity
,,BAS GR Equity
,,LKOH RM Equity
,,ROSN LI Equity
,,SIBN RM Equity
,,TATN RM Equity
